item_id,category,brand,price,popularity
0,家居,品牌21,909.54,6.6
1,电子产品,品牌6,710.52,6.6
2,服装,品牌45,815.8,5.9
3,美妆,品牌48,939.3,3.7
4,电子产品,品牌47,833.56,7.0
5,图书,品牌48,136.54,6.9
6,服装,品牌3,229.77,1.2
7,食品,品牌9,86.15,8.6
8,玩具,品牌28,529.34,7.1
9,电子产品,品牌24,105.5,5.1
10,图书,品牌41,590.8,8.7
11,食品,品牌32,410.08,7.3
12,其他,品牌45,979.74,4.7
13,服装,品牌46,228.54,9.0
14,食品,品牌35,358.59,5.7
15,食品,品牌50,264.05,3.7
16,图书,品牌1,847.11,5.2
17,美妆,品牌44,577.05,1.7
18,家居,品牌17,156.17,6.2
19,家居,品牌13,83.7,5.4
20,电子产品,品牌8,672.6,4.0
21,美妆,品牌48,546.74,4.1
22,健康,品牌18,806.45,1.9
23,电子产品,品牌28,91.51,4.6
24,电子产品,品牌25,913.75,8.3
25,其他,品牌49,300.59,4.9
26,食品,品牌23,913.58,5.7
27,电子产品,品牌35,802.91,4.2
28,家居,品牌9,610.27,8.5
29,家居,品牌10,877.83,9.7
30,健康,品牌44,924.96,4.0
31,其他,品牌2,536.12,9.6
32,玩具,品牌16,465.09,3.0
33,家居,品牌50,630.3,7.8
34,健康,品牌9,447.01,9.4
35,美妆,品牌45,27.98,6.1
36,电子产品,品牌25,677.68,6.3
37,图书,品牌7,182.7,1.8
38,食品,品牌22,660.25,9.1
39,其他,品牌36,700.79,3.4
40,其他,品牌47,392.06,5.7
41,电子产品,品牌29,391.79,5.1
42,运动,品牌22,258.52,3.7
43,美妆,品牌35,710.35,7.8
44,美妆,品牌32,154.44,7.8
45,美妆,品牌33,71.54,2.2
46,健康,品牌50,781.82,9.4
47,玩具,品牌36,754.91,2.5
48,图书,品牌15,453.03,8.1
49,运动,品牌42,945.11,5.8
50,图书,品牌36,481.63,9.0
51,食品,品牌36,932.43,6.1
52,家居,品牌23,778.0,1.2
53,食品,品牌31,288.66,3.8
54,玩具,品牌23,845.2,4.9
55,图书,品牌20,551.02,6.6
56,运动,品牌42,778.52,9.3
57,健康,品牌49,458.25,4.6
58,图书,品牌29,803.86,9.3
59,运动,品牌29,351.47,6.5
60,玩具,品牌15,828.59,9.2
61,家居,品牌16,196.75,9.3
62,美妆,品牌21,467.12,5.1
63,图书,品牌39,236.1,7.3
64,美妆,品牌50,925.15,8.9
65,图书,品牌14,208.23,6.1
66,健康,品牌37,220.79,3.5
67,图书,品牌23,562.3,6.2
68,美妆,品牌34,28.73,3.6
69,服装,品牌31,551.38,2.1
70,运动,品牌30,928.03,8.0
71,电子产品,品牌41,787.51,7.6
72,电子产品,品牌32,892.87,6.2
73,玩具,品牌50,969.5,6.6
74,服装,品牌15,527.5,6.3
75,图书,品牌23,128.03,8.3
76,服装,品牌20,130.64,6.2
77,美妆,品牌45,161.2,2.4
78,健康,品牌16,942.21,5.7
79,电子产品,品牌32,662.66,6.5
80,图书,品牌49,146.59,5.3
81,运动,品牌36,629.63,2.1
82,其他,品牌42,223.22,3.9
83,家居,品牌12,793.5,3.1
84,运动,品牌10,477.9,4.1
85,玩具,品牌48,372.17,9.5
86,其他,品牌36,402.54,8.1
87,家居,品牌2,975.04,2.1
88,美妆,品牌50,39.44,4.1
89,健康,品牌12,693.36,8.6
90,家居,品牌29,799.79,2.9
91,玩具,品牌36,679.53,8.6
92,家居,品牌13,972.63,2.6
93,食品,品牌41,852.9,5.1
94,其他,品牌39,526.38,3.8
95,运动,品牌4,301.68,2.3
96,玩具,品牌15,960.01,6.5
97,健康,品牌32,248.1,1.0
98,健康,品牌24,728.06,2.9
99,服装,品牌6,819.2,4.6
100,健康,品牌31,157.51,4.6
101,其他,品牌3,69.47,7.7
102,美妆,品牌9,357.75,7.4
103,美妆,品牌31,402.48,4.7
104,健康,品牌15,854.2,3.7
105,运动,品牌17,298.09,6.6
106,健康,品牌50,888.18,7.5
107,图书,品牌14,996.02,7.1
108,家居,品牌5,640.04,3.3
109,食品,品牌4,833.42,4.1
110,图书,品牌8,289.02,7.5
111,服装,品牌30,116.77,3.2
112,家居,品牌5,633.68,6.2
113,食品,品牌5,96.6,9.6
114,食品,品牌45,38.7,8.2
115,服装,品牌14,734.53,6.8
116,家居,品牌49,675.49,8.5
117,美妆,品牌2,330.91,1.8
118,美妆,品牌36,224.82,8.6
119,电子产品,品牌41,473.52,7.5
120,图书,品牌5,588.73,7.4
121,家居,品牌19,79.77,9.9
122,玩具,品牌35,142.49,9.8
123,服装,品牌24,210.38,3.6
124,食品,品牌17,507.02,3.7
125,玩具,品牌4,32.96,9.2
126,其他,品牌14,510.65,5.0
127,图书,品牌40,991.95,6.8
128,服装,品牌47,55.9,8.1
129,服装,品牌13,254.94,7.3
130,图书,品牌35,97.72,2.5
131,运动,品牌24,266.09,4.9
132,美妆,品牌25,623.08,7.2
133,其他,品牌45,496.43,5.4
134,健康,品牌42,217.33,9.0
135,电子产品,品牌24,480.29,8.9
136,美妆,品牌15,299.52,2.8
137,电子产品,品牌33,13.9,8.6
138,健康,品牌27,422.55,10.0
139,运动,品牌28,118.96,3.5
140,玩具,品牌15,988.51,8.2
141,健康,品牌15,627.7,7.3
142,健康,品牌49,269.62,2.3
143,玩具,品牌10,636.48,6.4
144,服装,品牌35,337.72,1.2
145,其他,品牌49,888.29,7.4
146,其他,品牌8,437.69,9.3
147,家居,品牌40,571.6,3.7
148,其他,品牌48,566.38,2.8
149,服装,品牌5,675.73,6.7
150,运动,品牌44,537.36,9.1
151,图书,品牌23,942.43,1.7
152,电子产品,品牌32,981.71,3.1
153,服装,品牌32,102.69,5.2
154,其他,品牌42,753.52,8.0
155,玩具,品牌41,901.69,2.7
156,健康,品牌16,484.7,1.5
157,图书,品牌37,238.7,4.6
158,食品,品牌17,309.19,5.3
159,电子产品,品牌33,654.95,4.6
160,图书,品牌42,228.9,9.9
161,食品,品牌14,937.56,9.1
162,电子产品,品牌21,385.31,5.3
163,食品,品牌17,447.83,5.6
164,运动,品牌38,244.31,3.4
165,玩具,品牌29,132.16,2.8
166,家居,品牌9,540.12,6.0
167,其他,品牌49,161.3,8.0
168,家居,品牌38,693.79,3.5
169,运动,品牌21,942.37,3.8
170,电子产品,品牌45,848.52,9.8
171,家居,品牌21,763.88,7.0
172,运动,品牌32,724.48,7.3
173,电子产品,品牌50,804.95,2.7
174,家居,品牌2,839.19,2.7
175,运动,品牌9,97.18,1.4
176,图书,品牌23,947.77,7.8
177,运动,品牌45,980.01,4.7
178,玩具,品牌9,215.03,4.4
179,健康,品牌28,67.05,3.2
180,服装,品牌5,918.53,8.4
181,家居,品牌34,512.42,9.2
182,美妆,品牌5,181.18,7.3
183,服装,品牌8,475.93,6.2
184,健康,品牌7,527.04,9.6
185,电子产品,品牌21,403.26,1.4
186,食品,品牌18,917.49,5.7
187,食品,品牌40,890.21,6.8
188,玩具,品牌48,573.72,8.8
189,运动,品牌5,696.38,9.1
190,美妆,品牌3,801.21,1.4
191,电子产品,品牌10,713.09,1.0
192,其他,品牌2,696.24,9.0
193,家居,品牌36,783.58,3.5
194,电子产品,品牌14,855.89,2.4
195,健康,品牌20,749.88,7.1
196,健康,品牌9,306.49,6.4
197,服装,品牌22,854.22,8.0
198,健康,品牌16,643.24,2.6
199,服装,品牌6,17.52,1.3
200,运动,品牌21,917.91,1.4
201,电子产品,品牌2,856.01,3.8
202,食品,品牌45,481.15,9.9
203,服装,品牌16,521.9,1.5
204,美妆,品牌6,228.73,6.0
205,其他,品牌6,937.98,9.8
206,其他,品牌16,980.42,2.3
207,其他,品牌21,415.21,2.9
208,电子产品,品牌30,692.26,4.9
209,美妆,品牌12,632.96,6.0
210,其他,品牌26,378.89,1.7
211,美妆,品牌35,850.73,3.7
212,健康,品牌29,316.34,8.1
213,图书,品牌19,22.9,2.7
214,食品,品牌19,932.22,2.8
215,电子产品,品牌28,615.08,6.1
216,美妆,品牌28,631.87,1.4
217,美妆,品牌22,749.27,5.2
218,电子产品,品牌41,462.7,2.6
219,服装,品牌34,714.35,8.7
220,图书,品牌31,487.93,5.9
221,美妆,品牌1,482.2,1.0
222,美妆,品牌3,541.84,5.2
223,食品,品牌13,377.52,1.1
224,电子产品,品牌9,757.58,1.5
225,其他,品牌40,127.96,1.4
226,玩具,品牌30,50.78,8.3
227,其他,品牌14,21.27,9.5
228,健康,品牌50,329.6,6.6
229,服装,品牌11,667.78,7.5
230,健康,品牌17,351.44,1.1
231,美妆,品牌25,999.93,1.1
232,服装,品牌15,371.44,8.9
233,家居,品牌12,777.29,5.4
234,服装,品牌8,86.47,1.7
235,服装,品牌11,422.41,3.3
236,健康,品牌8,539.71,8.0
237,电子产品,品牌36,311.68,1.1
238,服装,品牌43,214.8,8.5
239,服装,品牌26,469.81,6.6
240,图书,品牌27,68.95,4.8
241,健康,品牌27,988.65,8.3
242,家居,品牌38,43.09,1.1
243,图书,品牌23,822.37,5.5
244,健康,品牌3,342.43,2.5
245,玩具,品牌50,767.64,5.1
246,食品,品牌50,877.51,9.3
247,食品,品牌44,645.65,3.1
248,玩具,品牌46,626.93,2.2
249,服装,品牌44,79.2,4.9
250,美妆,品牌10,120.42,2.0
251,电子产品,品牌10,305.44,4.0
252,家居,品牌10,361.06,5.8
253,食品,品牌11,908.22,2.7
254,运动,品牌16,943.74,8.5
255,图书,品牌17,800.54,3.2
256,美妆,品牌49,465.82,2.7
257,玩具,品牌7,89.03,1.5
258,健康,品牌40,795.79,3.1
259,其他,品牌26,440.14,8.3
260,健康,品牌10,244.27,2.8
261,其他,品牌26,54.69,3.3
262,食品,品牌41,838.22,9.6
263,健康,品牌7,964.64,7.4
264,健康,品牌44,477.41,4.9
265,家居,品牌43,750.73,9.9
266,其他,品牌35,624.41,2.9
267,玩具,品牌16,597.8,8.5
268,家居,品牌16,221.68,7.4
269,食品,品牌26,774.71,8.4
270,健康,品牌36,12.08,9.3
271,健康,品牌42,863.44,7.8
272,玩具,品牌20,880.24,6.8
273,健康,品牌25,850.29,4.9
274,其他,品牌37,116.71,4.7
275,电子产品,品牌15,409.55,9.1
276,玩具,品牌1,911.05,4.9
277,玩具,品牌31,972.46,1.8
278,美妆,品牌20,319.49,7.5
279,运动,品牌15,130.16,8.6
280,其他,品牌27,179.53,8.5
281,美妆,品牌11,913.36,8.1
282,玩具,品牌41,722.38,3.7
283,运动,品牌13,147.85,3.4
284,服装,品牌41,135.09,2.0
285,电子产品,品牌38,218.38,1.2
286,运动,品牌12,325.27,3.7
287,服装,品牌36,165.05,6.2
288,电子产品,品牌35,667.3,5.8
289,运动,品牌26,217.96,4.0
290,健康,品牌46,883.89,8.0
291,美妆,品牌26,490.49,8.0
292,电子产品,品牌14,931.11,8.1
293,家居,品牌36,40.26,3.9
294,服装,品牌39,142.89,1.5
295,健康,品牌20,690.74,1.6
296,食品,品牌22,402.61,7.3
297,美妆,品牌31,93.7,7.8
298,其他,品牌45,915.81,9.7
299,运动,品牌25,862.45,4.0
300,服装,品牌33,434.15,5.0
301,运动,品牌50,930.08,4.9
302,运动,品牌3,452.03,7.2
303,电子产品,品牌22,453.44,7.1
304,运动,品牌15,128.4,2.8
305,玩具,品牌6,279.29,4.7
306,运动,品牌22,407.74,8.9
307,健康,品牌35,583.0,8.7
308,其他,品牌35,422.53,3.0
309,其他,品牌46,464.68,7.6
310,服装,品牌48,155.29,9.0
311,食品,品牌3,648.94,5.9
312,图书,品牌7,745.31,8.0
313,图书,品牌27,33.64,3.8
314,图书,品牌36,739.05,1.9
315,家居,品牌42,43.8,3.0
316,其他,品牌32,132.42,6.0
317,家居,品牌50,461.82,3.7
318,其他,品牌12,996.98,8.1
319,食品,品牌23,455.65,7.6
320,其他,品牌18,784.58,6.3
321,服装,品牌46,878.25,1.7
322,其他,品牌19,232.56,2.5
323,服装,品牌22,848.6,9.0
324,食品,品牌42,405.92,2.6
325,家居,品牌9,374.94,8.1
326,健康,品牌31,273.02,4.4
327,玩具,品牌9,952.36,3.6
328,图书,品牌28,183.38,9.2
329,玩具,品牌24,440.51,9.4
330,图书,品牌40,764.76,9.0
331,食品,品牌19,657.13,5.6
332,服装,品牌48,915.14,6.5
333,图书,品牌43,146.01,10.0
334,图书,品牌25,627.16,4.8
335,服装,品牌39,870.1,8.7
336,健康,品牌30,691.67,8.5
337,图书,品牌32,971.92,5.9
338,服装,品牌37,904.12,9.3
339,图书,品牌48,581.04,5.6
340,健康,品牌47,793.03,1.5
341,电子产品,品牌32,77.08,6.2
342,食品,品牌45,964.41,9.5
343,电子产品,品牌13,110.49,8.1
344,服装,品牌38,683.4,8.2
345,服装,品牌21,340.67,6.9
346,家居,品牌5,541.97,3.1
347,图书,品牌16,776.72,5.1
348,服装,品牌42,776.83,7.8
349,图书,品牌20,903.94,4.9
350,图书,品牌37,920.73,6.7
351,图书,品牌13,346.64,7.2
352,玩具,品牌12,687.93,1.2
353,食品,品牌45,930.42,8.9
354,运动,品牌46,60.44,4.2
355,运动,品牌8,237.2,8.5
356,其他,品牌32,357.11,1.7
357,其他,品牌7,454.11,3.9
358,健康,品牌44,692.08,3.0
359,其他,品牌13,512.83,8.5
360,家居,品牌18,940.62,4.1
361,健康,品牌33,684.92,5.6
362,其他,品牌37,458.37,6.7
363,图书,品牌29,984.89,4.2
364,服装,品牌28,81.33,9.1
365,运动,品牌36,685.71,1.6
366,美妆,品牌37,835.71,6.1
367,健康,品牌36,897.07,9.6
368,食品,品牌45,932.31,6.3
369,家居,品牌23,903.01,3.9
370,服装,品牌10,668.53,5.7
371,食品,品牌24,897.45,4.9
372,食品,品牌11,690.51,1.2
373,其他,品牌22,199.99,2.7
374,服装,品牌13,297.57,7.3
375,电子产品,品牌24,457.93,5.5
376,玩具,品牌12,425.77,3.4
377,图书,品牌1,787.67,8.2
378,家居,品牌42,282.88,4.9
379,电子产品,品牌30,665.53,6.2
380,美妆,品牌24,756.26,4.5
381,美妆,品牌40,321.45,6.3
382,图书,品牌24,843.03,3.9
383,家居,品牌35,121.09,4.6
384,运动,品牌50,459.25,4.4
385,电子产品,品牌7,414.16,8.2
386,食品,品牌32,856.82,4.9
387,家居,品牌25,935.37,2.1
388,食品,品牌20,731.73,4.9
389,家居,品牌37,548.85,9.3
390,玩具,品牌27,756.29,5.5
391,玩具,品牌18,701.47,1.9
392,其他,品牌3,775.31,6.3
393,食品,品牌5,13.5,6.5
394,健康,品牌11,903.72,1.6
395,图书,品牌30,298.37,4.3
396,玩具,品牌44,270.8,4.8
397,玩具,品牌10,192.17,6.0
398,服装,品牌27,697.33,3.9
399,健康,品牌34,718.1,7.5
400,电子产品,品牌22,329.55,4.1
401,运动,品牌9,83.19,6.0
402,图书,品牌41,653.69,9.7
403,食品,品牌37,299.0,5.6
404,电子产品,品牌44,246.37,7.7
405,其他,品牌9,691.13,5.6
406,玩具,品牌44,252.42,7.2
407,美妆,品牌16,263.47,5.8
408,电子产品,品牌44,196.22,9.9
409,玩具,品牌38,492.67,4.5
410,美妆,品牌8,245.84,9.7
411,服装,品牌50,469.16,1.1
412,电子产品,品牌4,699.6,3.8
413,电子产品,品牌15,252.66,7.6
414,健康,品牌34,474.91,3.4
415,运动,品牌10,690.62,4.9
416,美妆,品牌22,579.39,3.9
417,运动,品牌8,519.21,2.4
418,运动,品牌24,638.28,2.5
419,食品,品牌41,619.48,7.2
420,运动,品牌24,547.46,4.8
421,玩具,品牌30,550.54,8.0
422,美妆,品牌27,513.34,10.0
423,美妆,品牌23,240.72,1.7
424,电子产品,品牌12,133.75,3.6
425,食品,品牌11,432.06,8.6
426,服装,品牌36,545.14,7.2
427,家居,品牌20,773.76,6.3
428,电子产品,品牌36,369.15,9.5
429,玩具,品牌19,663.86,1.6
430,玩具,品牌45,510.65,8.5
431,电子产品,品牌8,497.69,6.7
432,服装,品牌35,494.46,6.9
433,运动,品牌30,549.56,4.3
434,美妆,品牌18,327.46,7.4
435,其他,品牌27,761.35,9.9
436,家居,品牌44,94.19,2.2
437,服装,品牌21,943.32,7.5
438,服装,品牌37,578.46,8.1
439,其他,品牌37,603.33,9.7
440,玩具,品牌16,390.37,4.9
441,服装,品牌40,789.31,5.0
442,其他,品牌15,293.7,5.0
443,图书,品牌11,839.87,3.2
444,服装,品牌43,217.11,7.3
445,服装,品牌22,75.23,3.2
446,健康,品牌27,641.78,6.9
447,图书,品牌22,762.22,7.6
448,食品,品牌6,312.06,3.0
449,食品,品牌32,23.52,9.5
450,图书,品牌35,626.15,6.2
451,美妆,品牌10,854.03,6.9
452,服装,品牌31,615.32,7.0
453,家居,品牌36,367.47,6.6
454,健康,品牌21,496.2,4.5
455,电子产品,品牌18,570.25,4.0
456,运动,品牌20,700.59,2.0
457,食品,品牌20,755.66,8.7
458,食品,品牌48,914.03,2.6
459,食品,品牌30,902.03,9.8
460,服装,品牌13,131.33,4.4
461,服装,品牌29,785.64,4.0
462,服装,品牌30,934.99,8.9
463,其他,品牌31,234.03,2.4
464,运动,品牌11,262.82,8.1
465,美妆,品牌24,589.94,2.7
466,其他,品牌25,505.01,3.5
467,健康,品牌50,570.81,7.3
468,食品,品牌22,253.04,4.3
469,服装,品牌41,819.94,6.8
470,其他,品牌7,859.32,8.6
471,运动,品牌21,744.39,3.8
472,服装,品牌32,240.45,8.2
473,健康,品牌33,481.06,1.4
474,家居,品牌21,420.81,4.6
475,家居,品牌12,300.57,1.0
476,玩具,品牌49,339.92,6.1
477,美妆,品牌29,578.08,4.1
478,食品,品牌21,637.92,2.9
479,服装,品牌25,663.57,8.7
480,健康,品牌35,735.14,4.4
481,家居,品牌14,620.34,2.9
482,健康,品牌8,239.56,1.5
483,图书,品牌38,789.75,3.7
484,食品,品牌36,493.25,5.7
485,健康,品牌16,85.12,7.0
486,图书,品牌15,293.05,1.8
487,美妆,品牌10,636.5,6.2
488,其他,品牌12,50.53,1.8
489,健康,品牌2,838.06,1.2
490,图书,品牌45,466.06,9.7
491,玩具,品牌43,747.3,1.3
492,服装,品牌3,634.92,8.4
493,健康,品牌24,627.3,7.5
494,运动,品牌34,708.42,3.8
495,美妆,品牌21,511.09,1.8
496,家居,品牌4,951.28,5.5
497,食品,品牌4,457.06,2.5
498,其他,品牌40,25.37,9.5
499,健康,品牌29,220.41,5.6
500,服装,品牌29,746.03,7.1
501,服装,品牌33,453.35,8.2
502,运动,品牌27,524.33,6.0
503,电子产品,品牌39,938.02,7.2
504,其他,品牌39,430.29,8.2
505,电子产品,品牌33,532.45,4.4
506,其他,品牌18,227.22,9.1
507,图书,品牌23,20.93,6.0
508,运动,品牌44,740.46,3.2
509,家居,品牌13,316.97,3.4
510,图书,品牌16,628.39,4.6
511,食品,品牌9,559.93,4.5
512,电子产品,品牌44,152.57,4.6
513,服装,品牌19,272.7,9.9
514,美妆,品牌1,147.42,7.2
515,图书,品牌17,544.32,1.8
516,玩具,品牌43,930.82,3.5
517,家居,品牌12,667.88,4.5
518,美妆,品牌48,814.47,6.2
519,图书,品牌46,676.38,3.4
520,玩具,品牌21,516.03,1.6
521,运动,品牌5,674.95,8.4
522,运动,品牌19,158.29,8.3
523,食品,品牌20,515.14,1.6
524,健康,品牌34,471.39,7.7
525,美妆,品牌11,770.65,6.6
526,玩具,品牌38,407.19,4.2
527,电子产品,品牌13,549.9,7.6
528,运动,品牌18,311.39,3.3
529,图书,品牌32,53.19,5.9
530,玩具,品牌17,310.54,2.4
531,电子产品,品牌11,434.08,8.9
532,食品,品牌24,903.97,5.9
533,玩具,品牌43,911.08,7.8
534,家居,品牌22,197.93,4.0
535,图书,品牌4,549.69,7.0
536,食品,品牌12,113.88,6.5
537,家居,品牌40,247.12,5.1
538,美妆,品牌18,232.83,6.2
539,玩具,品牌11,662.21,5.0
540,食品,品牌31,88.79,4.4
541,运动,品牌11,501.32,7.7
542,其他,品牌7,126.02,5.5
543,美妆,品牌40,509.73,8.0
544,运动,品牌15,354.07,4.5
545,电子产品,品牌15,27.19,2.5
546,其他,品牌2,154.74,7.2
547,美妆,品牌3,628.47,6.6
548,运动,品牌41,572.85,8.8
549,电子产品,品牌6,307.86,8.1
550,电子产品,品牌37,454.08,9.2
551,健康,品牌15,915.26,9.1
552,美妆,品牌45,287.48,8.5
553,电子产品,品牌31,259.96,8.3
554,食品,品牌38,55.62,2.8
555,食品,品牌13,63.41,7.4
556,家居,品牌17,259.41,7.0
557,玩具,品牌29,367.78,5.1
558,玩具,品牌3,424.3,2.6
559,健康,品牌43,524.46,3.7
560,美妆,品牌44,742.78,3.5
561,电子产品,品牌36,912.35,1.3
562,服装,品牌50,705.82,4.8
563,服装,品牌17,908.47,2.6
564,服装,品牌32,489.83,6.9
565,服装,品牌35,413.0,5.6
566,服装,品牌28,900.34,3.9
567,其他,品牌34,383.93,8.2
568,其他,品牌45,260.57,7.1
569,美妆,品牌4,490.6,8.8
570,服装,品牌8,551.66,9.2
571,健康,品牌29,560.86,9.7
572,电子产品,品牌45,771.8,9.6
573,电子产品,品牌49,828.77,2.8
574,美妆,品牌22,91.94,4.6
575,玩具,品牌7,27.72,1.2
576,健康,品牌27,799.18,1.3
577,健康,品牌11,45.67,8.6
578,食品,品牌32,350.67,5.0
579,家居,品牌45,293.04,5.4
580,玩具,品牌46,405.39,8.9
581,电子产品,品牌16,923.81,4.2
582,运动,品牌3,56.59,8.6
583,美妆,品牌39,982.37,9.2
584,食品,品牌36,455.07,8.1
585,美妆,品牌23,547.09,3.2
586,服装,品牌40,402.48,3.7
587,家居,品牌16,52.57,6.9
588,服装,品牌30,36.25,3.9
589,玩具,品牌25,892.37,7.3
590,其他,品牌26,522.72,3.8
591,食品,品牌3,582.83,9.9
592,家居,品牌8,167.2,2.7
593,其他,品牌37,86.7,8.5
594,其他,品牌9,514.02,5.3
595,图书,品牌6,899.68,9.5
596,食品,品牌25,968.16,3.3
597,图书,品牌32,347.73,8.0
598,图书,品牌10,761.7,6.4
599,服装,品牌13,477.28,7.4
600,电子产品,品牌47,98.39,3.9
601,运动,品牌50,743.8,9.8
602,食品,品牌29,643.03,8.6
603,服装,品牌24,525.92,2.9
604,食品,品牌49,902.26,9.1
605,电子产品,品牌2,64.63,4.5
606,食品,品牌26,786.57,1.4
607,家居,品牌48,241.96,8.9
608,家居,品牌43,763.14,9.8
609,图书,品牌39,563.9,2.9
610,玩具,品牌4,579.21,2.6
611,运动,品牌39,816.71,3.4
612,图书,品牌30,16.39,6.8
613,服装,品牌5,237.52,3.7
614,玩具,品牌26,101.72,1.1
615,家居,品牌50,464.53,5.9
616,服装,品牌10,170.52,9.2
617,家居,品牌47,232.74,4.1
618,图书,品牌49,508.45,6.3
619,服装,品牌3,26.05,2.7
620,食品,品牌39,129.66,5.8
621,运动,品牌34,36.31,1.1
622,美妆,品牌44,723.74,6.0
623,图书,品牌34,768.02,2.3
624,图书,品牌25,938.52,5.5
625,图书,品牌27,402.38,6.7
626,健康,品牌48,734.86,4.9
627,电子产品,品牌42,435.22,8.3
628,玩具,品牌8,986.12,6.8
629,家居,品牌33,528.35,5.2
630,家居,品牌18,926.33,9.5
631,电子产品,品牌18,505.68,6.4
632,健康,品牌24,745.55,6.1
633,食品,品牌14,376.16,9.9
634,美妆,品牌11,355.8,1.2
635,图书,品牌7,318.13,9.8
636,家居,品牌18,328.7,7.9
637,健康,品牌38,198.12,10.0
638,电子产品,品牌31,551.52,3.4
639,运动,品牌5,167.67,7.5
640,其他,品牌12,893.72,5.6
641,图书,品牌26,318.05,5.6
642,玩具,品牌40,755.43,8.4
643,玩具,品牌47,99.04,6.0
644,玩具,品牌8,629.81,5.6
645,食品,品牌38,460.39,2.4
646,家居,品牌46,485.03,9.0
647,图书,品牌11,430.78,1.5
648,家居,品牌35,55.66,4.1
649,美妆,品牌38,793.33,6.8
650,其他,品牌8,266.07,3.0
651,健康,品牌48,859.75,5.0
652,健康,品牌11,811.29,4.2
653,其他,品牌29,733.57,4.3
654,玩具,品牌34,862.34,6.1
655,电子产品,品牌4,552.46,8.6
656,食品,品牌26,699.19,2.4
657,运动,品牌26,511.9,8.0
658,其他,品牌26,837.2,1.6
659,服装,品牌28,548.78,6.0
660,美妆,品牌16,622.38,2.5
661,玩具,品牌32,607.9,9.2
662,玩具,品牌33,507.8,7.0
663,玩具,品牌13,942.81,7.5
664,食品,品牌22,888.42,1.4
665,玩具,品牌41,892.5,6.6
666,家居,品牌7,333.47,6.1
667,图书,品牌40,992.55,7.1
668,其他,品牌25,102.9,8.9
669,其他,品牌27,308.11,1.5
670,运动,品牌45,362.45,3.6
671,其他,品牌19,761.55,9.5
672,其他,品牌7,575.73,3.2
673,运动,品牌4,293.11,8.4
674,电子产品,品牌6,163.07,4.5
675,家居,品牌50,451.97,6.5
676,电子产品,品牌35,377.14,4.4
677,电子产品,品牌27,965.84,4.8
678,健康,品牌30,652.89,7.4
679,电子产品,品牌15,850.75,7.1
680,运动,品牌6,186.55,8.4
681,健康,品牌28,524.05,9.5
682,图书,品牌22,610.53,5.4
683,玩具,品牌9,912.16,7.0
684,其他,品牌39,889.52,6.7
685,其他,品牌27,257.64,1.7
686,电子产品,品牌24,69.05,5.8
687,健康,品牌17,117.45,8.9
688,玩具,品牌15,356.34,8.9
689,运动,品牌32,422.95,4.3
690,服装,品牌4,13.86,7.6
691,图书,品牌8,696.55,7.3
692,其他,品牌14,149.14,7.7
693,食品,品牌19,100.79,4.6
694,其他,品牌1,460.68,5.5
695,家居,品牌39,189.86,1.8
696,食品,品牌48,219.43,5.0
697,健康,品牌50,467.88,9.3
698,健康,品牌43,220.52,6.9
699,服装,品牌2,379.75,1.1
700,其他,品牌31,746.14,6.7
701,玩具,品牌47,950.46,5.0
702,健康,品牌14,613.67,3.3
703,服装,品牌25,63.03,9.7
704,健康,品牌10,627.51,8.3
705,健康,品牌40,793.57,5.9
706,食品,品牌15,90.67,6.0
707,美妆,品牌16,410.37,8.0
708,电子产品,品牌5,601.93,8.6
709,家居,品牌5,52.74,2.4
710,服装,品牌17,557.57,2.0
711,服装,品牌29,948.36,2.2
712,健康,品牌21,116.06,8.2
713,玩具,品牌14,960.06,1.3
714,美妆,品牌23,779.48,4.2
715,其他,品牌4,492.03,2.8
716,图书,品牌32,578.4,8.8
717,其他,品牌49,93.17,5.4
718,运动,品牌1,700.15,9.9
719,家居,品牌7,748.57,4.4
720,家居,品牌46,210.23,5.9
721,玩具,品牌5,606.49,4.2
722,食品,品牌7,568.68,9.4
723,服装,品牌41,339.6,8.4
724,运动,品牌14,550.45,7.0
725,电子产品,品牌21,997.29,8.7
726,家居,品牌44,536.43,6.5
727,图书,品牌4,636.12,4.6
728,服装,品牌13,737.49,1.2
729,电子产品,品牌12,374.29,3.6
730,其他,品牌33,269.51,5.2
731,美妆,品牌31,331.21,7.5
732,玩具,品牌38,12.39,4.1
733,服装,品牌30,251.35,8.3
734,运动,品牌8,144.85,5.8
735,食品,品牌11,88.94,9.7
736,图书,品牌20,298.59,2.7
737,其他,品牌42,673.26,6.5
738,电子产品,品牌45,459.86,7.8
739,食品,品牌40,17.96,5.7
740,服装,品牌39,639.42,4.9
741,图书,品牌8,477.09,5.6
742,玩具,品牌9,569.98,3.8
743,电子产品,品牌16,320.5,9.4
744,图书,品牌34,68.45,2.6
745,电子产品,品牌34,422.58,7.1
746,美妆,品牌27,390.68,4.2
747,图书,品牌20,439.44,4.8
748,美妆,品牌33,56.33,1.8
749,其他,品牌4,504.67,5.6
750,健康,品牌41,228.3,6.4
751,其他,品牌47,359.8,7.5
752,家居,品牌35,40.08,1.3
753,美妆,品牌7,686.86,8.2
754,运动,品牌5,797.7,9.7
755,家居,品牌3,573.42,3.8
756,其他,品牌21,883.13,7.5
757,图书,品牌27,980.26,5.7
758,美妆,品牌3,678.05,6.4
759,图书,品牌15,834.83,4.8
760,电子产品,品牌34,559.82,5.9
761,食品,品牌21,901.57,7.1
762,食品,品牌38,764.84,9.6
763,健康,品牌15,471.96,4.7
764,电子产品,品牌44,589.21,6.3
765,健康,品牌1,434.79,7.5
766,美妆,品牌17,160.85,4.3
767,家居,品牌42,459.85,1.7
768,电子产品,品牌21,522.01,7.7
769,服装,品牌33,628.98,8.8
770,健康,品牌35,877.11,9.6
771,电子产品,品牌31,181.53,8.8
772,图书,品牌17,442.98,3.2
773,电子产品,品牌11,720.67,2.5
774,服装,品牌26,930.82,8.3
775,食品,品牌39,708.49,2.0
776,美妆,品牌46,977.38,4.7
777,服装,品牌37,790.84,3.9
778,玩具,品牌36,387.81,7.2
779,玩具,品牌4,159.34,9.4
780,图书,品牌14,773.07,5.7
781,美妆,品牌11,673.84,9.7
782,运动,品牌5,95.7,9.2
783,家居,品牌20,56.87,3.7
784,服装,品牌5,583.54,7.0
785,其他,品牌5,719.35,9.2
786,其他,品牌34,205.69,7.8
787,图书,品牌14,600.88,2.9
788,其他,品牌35,992.69,7.6
789,家居,品牌48,282.3,9.4
790,电子产品,品牌10,500.32,9.5
791,家居,品牌48,692.0,1.9
792,服装,品牌45,237.85,8.7
793,美妆,品牌14,204.14,1.4
794,服装,品牌49,974.05,7.3
795,美妆,品牌30,764.0,3.0
796,图书,品牌19,835.62,4.1
797,健康,品牌11,724.77,4.2
798,运动,品牌11,531.6,3.7
799,图书,品牌29,408.53,9.9
800,玩具,品牌35,879.78,4.8
801,美妆,品牌29,523.02,9.4
802,美妆,品牌25,806.8,4.5
803,美妆,品牌50,444.98,1.3
804,服装,品牌14,623.26,9.8
805,美妆,品牌7,374.11,6.4
806,其他,品牌38,837.92,2.0
807,健康,品牌42,138.37,2.6
808,电子产品,品牌48,223.36,8.6
809,图书,品牌40,794.91,9.3
810,电子产品,品牌3,736.71,5.2
811,电子产品,品牌16,213.51,8.8
812,食品,品牌25,546.99,8.9
813,电子产品,品牌16,867.68,2.8
814,运动,品牌32,27.99,4.4
815,服装,品牌35,350.26,4.9
816,健康,品牌50,535.63,3.9
817,家居,品牌35,767.77,5.7
818,电子产品,品牌46,324.62,7.7
819,其他,品牌32,63.88,9.9
820,玩具,品牌24,462.74,9.6
821,健康,品牌10,346.62,4.0
822,家居,品牌40,613.58,6.4
823,运动,品牌5,569.59,6.8
824,健康,品牌22,245.92,7.4
825,玩具,品牌37,510.72,6.1
826,服装,品牌40,853.94,8.6
827,服装,品牌38,980.56,6.9
828,健康,品牌16,917.31,1.1
829,其他,品牌13,830.94,1.7
830,玩具,品牌39,81.84,4.5
831,图书,品牌48,283.13,1.9
832,图书,品牌31,821.27,1.3
833,电子产品,品牌29,565.12,4.3
834,服装,品牌36,613.04,3.0
835,运动,品牌28,811.35,8.5
836,美妆,品牌19,518.12,7.6
837,图书,品牌13,473.28,7.7
838,美妆,品牌18,205.61,7.5
839,玩具,品牌6,32.67,6.9
840,图书,品牌44,952.53,7.7
841,食品,品牌17,361.35,7.0
842,服装,品牌21,318.13,9.2
843,电子产品,品牌33,812.21,8.6
844,玩具,品牌35,124.25,6.5
845,美妆,品牌29,143.91,7.1
846,运动,品牌27,31.3,7.0
847,玩具,品牌8,143.58,4.0
848,服装,品牌26,19.8,5.6
849,运动,品牌47,860.98,1.9
850,运动,品牌17,790.45,5.8
851,美妆,品牌36,212.86,5.3
852,健康,品牌50,730.99,2.6
853,美妆,品牌32,418.74,1.2
854,图书,品牌17,173.11,7.3
855,美妆,品牌32,613.5,1.8
856,食品,品牌23,195.59,7.7
857,图书,品牌14,488.87,7.0
858,图书,品牌11,828.84,4.8
859,图书,品牌26,623.34,1.4
860,电子产品,品牌19,192.41,7.2
861,其他,品牌38,573.69,6.7
862,食品,品牌24,807.43,3.2
863,电子产品,品牌20,612.61,1.9
864,服装,品牌45,519.98,3.0
865,食品,品牌19,966.51,5.1
866,食品,品牌31,17.67,5.6
867,美妆,品牌8,53.4,3.3
868,玩具,品牌30,663.08,5.9
869,食品,品牌35,634.33,9.1
870,电子产品,品牌50,883.26,8.0
871,食品,品牌19,154.61,6.1
872,家居,品牌4,662.77,3.5
873,图书,品牌19,752.36,1.9
874,电子产品,品牌30,927.02,7.3
875,其他,品牌12,102.86,3.7
876,健康,品牌18,275.91,8.5
877,其他,品牌48,544.5,1.0
878,健康,品牌13,833.77,8.6
879,服装,品牌7,265.06,9.5
880,电子产品,品牌47,944.41,9.6
881,其他,品牌8,757.24,1.6
882,其他,品牌24,385.71,8.5
883,电子产品,品牌17,262.54,2.8
884,玩具,品牌26,384.2,4.3
885,图书,品牌50,585.76,1.7
886,其他,品牌46,638.69,9.3
887,家居,品牌42,361.52,7.7
888,健康,品牌1,550.53,9.6
889,家居,品牌8,998.27,8.7
890,图书,品牌10,640.22,4.4
891,健康,品牌14,137.13,9.4
892,电子产品,品牌21,723.23,1.8
893,电子产品,品牌1,12.44,5.4
894,食品,品牌35,62.61,4.0
895,服装,品牌30,450.11,2.4
896,服装,品牌37,30.79,2.7
897,玩具,品牌6,230.64,6.5
898,电子产品,品牌39,478.66,1.1
899,玩具,品牌17,683.94,1.3
900,运动,品牌50,11.27,4.4
901,食品,品牌20,785.94,6.2
902,服装,品牌16,424.7,2.4
903,运动,品牌41,992.22,3.9
904,运动,品牌13,267.43,3.8
905,美妆,品牌49,87.09,3.0
906,运动,品牌33,616.64,3.0
907,家居,品牌38,423.58,7.4
908,电子产品,品牌5,323.71,3.8
909,其他,品牌42,588.91,1.1
910,美妆,品牌45,926.47,7.5
911,图书,品牌20,992.28,5.6
912,电子产品,品牌48,455.66,9.5
913,食品,品牌36,388.26,4.0
914,图书,品牌35,333.0,8.6
915,家居,品牌21,749.09,8.8
916,其他,品牌3,826.82,1.6
917,食品,品牌48,497.19,7.3
918,美妆,品牌19,513.47,7.1
919,家居,品牌47,972.25,3.4
920,电子产品,品牌50,169.24,1.7
921,玩具,品牌18,409.64,3.9
922,运动,品牌29,116.42,3.7
923,美妆,品牌8,759.1,5.6
924,美妆,品牌37,972.49,8.4
925,服装,品牌7,207.45,1.3
926,运动,品牌11,56.96,8.6
927,家居,品牌41,112.38,5.1
928,电子产品,品牌29,791.7,8.3
929,玩具,品牌13,532.51,6.2
930,玩具,品牌47,421.2,2.7
931,电子产品,品牌50,927.41,9.7
932,食品,品牌2,474.11,5.6
933,家居,品牌5,463.95,3.5
934,健康,品牌12,441.34,6.2
935,图书,品牌49,268.61,8.7
936,其他,品牌28,603.82,5.9
937,服装,品牌46,441.19,3.9
938,玩具,品牌26,781.13,4.0
939,服装,品牌21,386.0,1.8
940,健康,品牌14,432.69,1.6
941,服装,品牌17,633.13,7.8
942,食品,品牌8,574.8,2.5
943,健康,品牌26,76.48,9.2
944,健康,品牌39,850.18,4.8
945,其他,品牌6,555.61,4.6
946,其他,品牌13,528.32,9.9
947,其他,品牌43,503.76,2.6
948,电子产品,品牌47,254.58,7.8
949,图书,品牌21,110.6,8.8
950,食品,品牌10,683.77,7.1
951,玩具,品牌24,635.06,4.9
952,图书,品牌41,343.59,6.1
953,玩具,品牌41,599.02,2.4
954,健康,品牌32,551.08,7.7
955,图书,品牌27,488.71,6.4
956,图书,品牌23,789.92,8.9
957,玩具,品牌10,703.14,7.9
958,美妆,品牌30,618.47,2.9
959,家居,品牌50,129.88,9.0
960,运动,品牌8,639.07,9.5
961,食品,品牌26,109.36,8.0
962,健康,品牌33,820.37,6.4
963,玩具,品牌6,231.94,8.3
964,食品,品牌36,217.82,5.8
965,美妆,品牌32,216.62,8.7
966,美妆,品牌37,392.11,3.0
967,其他,品牌8,924.14,2.1
968,服装,品牌32,182.18,1.6
969,运动,品牌38,945.01,9.6
970,运动,品牌3,932.72,8.3
971,其他,品牌31,404.47,2.4
972,运动,品牌48,655.03,4.3
973,玩具,品牌3,876.75,1.3
974,图书,品牌34,848.73,6.6
975,健康,品牌44,993.34,4.0
976,服装,品牌20,860.17,9.3
977,家居,品牌11,692.18,5.9
978,服装,品牌35,502.75,4.8
979,其他,品牌24,274.52,5.5
980,运动,品牌37,895.81,7.9
981,玩具,品牌6,384.55,6.4
982,运动,品牌50,228.23,1.2
983,运动,品牌8,75.03,7.4
984,运动,品牌13,583.47,2.5
985,电子产品,品牌35,959.19,8.5
986,其他,品牌50,955.52,5.8
987,健康,品牌22,899.24,9.8
988,玩具,品牌37,750.73,7.0
989,家居,品牌25,200.4,5.1
990,家居,品牌24,945.53,1.3
991,电子产品,品牌3,764.39,4.5
992,美妆,品牌5,55.93,4.8
993,电子产品,品牌13,522.29,5.9
994,图书,品牌25,261.95,1.0
995,其他,品牌2,988.48,1.1
996,家居,品牌27,232.0,7.2
997,家居,品牌11,993.93,2.5
998,食品,品牌34,841.75,5.9
999,家居,品牌46,403.27,3.0
1000,健康,品牌21,640.03,4.3
1001,健康,品牌11,867.41,7.8
1002,食品,品牌29,711.47,8.0
1003,美妆,品牌7,808.22,2.2
1004,食品,品牌31,308.3,3.8
1005,家居,品牌6,541.96,6.2
1006,图书,品牌38,746.76,2.9
1007,玩具,品牌4,58.12,1.3
1008,运动,品牌27,264.91,5.8
1009,健康,品牌16,276.94,3.8
1010,家居,品牌24,94.11,9.2
1011,食品,品牌41,562.15,6.9
1012,图书,品牌20,601.13,4.5
1013,美妆,品牌4,126.2,6.0
1014,电子产品,品牌36,141.62,7.0
1015,运动,品牌41,588.85,5.7
1016,图书,品牌27,826.15,8.7
1017,玩具,品牌9,814.27,6.2
1018,美妆,品牌37,300.14,7.3
1019,图书,品牌46,594.39,3.5
1020,健康,品牌47,71.22,7.9
1021,服装,品牌33,312.41,6.7
1022,健康,品牌40,106.11,6.4
1023,健康,品牌44,364.98,5.8
1024,健康,品牌31,185.39,7.6
1025,家居,品牌47,799.59,5.5
1026,食品,品牌13,557.56,6.0
1027,美妆,品牌18,246.41,7.6
1028,服装,品牌11,717.51,3.8
1029,玩具,品牌37,674.57,7.8
1030,电子产品,品牌38,417.1,1.6
1031,图书,品牌25,765.96,2.1
1032,图书,品牌38,116.23,5.9
1033,食品,品牌24,666.44,4.1
1034,健康,品牌26,829.51,9.4
1035,健康,品牌16,483.28,6.9
1036,运动,品牌16,114.02,10.0
1037,食品,品牌41,243.94,8.4
1038,运动,品牌16,390.0,6.9
1039,健康,品牌6,873.74,5.3
1040,服装,品牌26,323.49,6.2
1041,健康,品牌34,961.15,9.7
1042,图书,品牌39,70.45,8.5
1043,家居,品牌3,905.74,8.6
1044,运动,品牌35,825.79,7.1
1045,食品,品牌30,830.72,8.5
1046,美妆,品牌11,914.81,6.2
1047,其他,品牌28,298.73,8.5
1048,服装,品牌31,486.83,6.4
1049,电子产品,品牌32,82.51,6.0
1050,食品,品牌29,482.83,3.1
1051,服装,品牌41,425.38,2.9
1052,食品,品牌20,716.9,5.8
1053,健康,品牌45,855.24,6.0
1054,图书,品牌34,84.36,6.2
1055,其他,品牌36,176.88,3.1
1056,服装,品牌15,580.92,5.2
1057,图书,品牌11,232.1,9.8
1058,运动,品牌40,643.79,9.6
1059,玩具,品牌48,180.42,7.9
1060,服装,品牌33,740.84,7.8
1061,图书,品牌12,672.21,8.9
1062,健康,品牌17,630.8,2.6
1063,服装,品牌27,905.1,7.5
1064,其他,品牌16,240.55,2.7
1065,服装,品牌48,738.69,8.2
1066,运动,品牌31,738.58,5.9
1067,美妆,品牌38,902.55,1.3
1068,电子产品,品牌33,508.5,9.6
1069,玩具,品牌47,499.0,5.0
1070,食品,品牌25,902.41,9.4
1071,家居,品牌22,10.43,4.5
1072,家居,品牌16,703.28,9.9
1073,图书,品牌35,599.07,2.9
1074,食品,品牌37,419.85,8.9
1075,食品,品牌10,14.95,7.1
1076,食品,品牌11,917.0,8.7
1077,服装,品牌38,816.78,1.2
1078,服装,品牌44,359.67,6.5
1079,美妆,品牌2,76.16,2.2
1080,玩具,品牌28,871.85,1.4
1081,其他,品牌23,334.57,2.6
1082,服装,品牌43,320.44,4.5
1083,美妆,品牌23,73.5,9.7
1084,服装,品牌41,354.5,5.8
1085,玩具,品牌18,383.27,4.2
1086,其他,品牌29,723.1,3.3
1087,家居,品牌35,87.62,4.2
1088,服装,品牌34,149.71,2.3
1089,食品,品牌20,148.76,9.0
1090,图书,品牌48,80.75,4.6
1091,图书,品牌12,173.18,2.5
1092,美妆,品牌12,423.52,3.5
1093,其他,品牌32,607.22,5.6
1094,其他,品牌36,818.19,3.7
1095,其他,品牌14,77.7,7.6
1096,家居,品牌30,214.05,8.0
1097,玩具,品牌15,875.54,2.1
1098,运动,品牌2,137.63,1.1
1099,健康,品牌18,78.44,5.9
1100,玩具,品牌48,123.92,9.2
1101,图书,品牌3,499.56,3.6
1102,电子产品,品牌8,779.61,9.8
1103,电子产品,品牌16,635.98,6.6
1104,家居,品牌40,173.71,9.8
1105,其他,品牌42,879.51,8.5
1106,电子产品,品牌42,334.62,1.5
1107,电子产品,品牌19,489.72,5.3
1108,其他,品牌12,468.54,4.1
1109,玩具,品牌4,763.19,1.1
1110,服装,品牌37,66.57,6.9
1111,食品,品牌22,138.28,6.0
1112,图书,品牌30,372.45,5.8
1113,美妆,品牌4,406.63,3.9
1114,图书,品牌18,545.93,6.0
1115,家居,品牌38,927.47,8.9
1116,家居,品牌44,738.99,5.0
1117,服装,品牌29,259.99,1.4
1118,电子产品,品牌30,764.43,8.4
1119,食品,品牌2,993.67,5.6
1120,电子产品,品牌24,38.03,6.2
1121,图书,品牌46,543.14,4.2
1122,图书,品牌2,763.6,5.3
1123,健康,品牌24,367.38,8.1
1124,玩具,品牌10,885.11,3.2
1125,食品,品牌48,456.8,4.5
1126,电子产品,品牌8,633.15,6.8
1127,美妆,品牌24,431.46,4.5
1128,食品,品牌34,467.57,6.6
1129,服装,品牌26,798.46,6.7
1130,运动,品牌19,791.51,3.8
1131,家居,品牌23,606.8,7.3
1132,健康,品牌5,95.24,1.6
1133,电子产品,品牌37,25.13,9.6
1134,其他,品牌20,755.42,9.5
1135,图书,品牌21,846.76,6.1
1136,运动,品牌26,14.65,6.8
1137,食品,品牌31,333.7,7.2
1138,其他,品牌13,749.27,7.5
1139,电子产品,品牌22,24.71,3.5
1140,其他,品牌16,200.36,5.3
1141,玩具,品牌7,974.19,8.6
1142,玩具,品牌15,34.47,6.6
1143,食品,品牌44,479.11,7.2
1144,健康,品牌31,498.34,2.4
1145,服装,品牌13,593.57,4.9
1146,服装,品牌22,204.51,7.9
1147,美妆,品牌42,72.4,5.1
1148,美妆,品牌1,94.0,4.8
1149,其他,品牌12,672.07,3.8
1150,健康,品牌46,858.96,4.1
1151,玩具,品牌22,879.55,6.2
1152,家居,品牌3,875.62,4.3
1153,图书,品牌34,328.46,3.9
1154,美妆,品牌24,419.98,6.5
1155,美妆,品牌32,334.97,4.6
1156,家居,品牌11,120.5,8.6
1157,电子产品,品牌43,860.95,4.3
1158,电子产品,品牌50,379.28,9.2
1159,运动,品牌5,322.06,9.1
1160,玩具,品牌3,265.65,9.9
1161,服装,品牌18,365.28,7.2
1162,食品,品牌2,398.84,8.4
1163,食品,品牌30,251.31,4.0
1164,运动,品牌25,744.21,4.9
1165,健康,品牌13,359.49,6.5
1166,玩具,品牌29,252.3,3.8
1167,玩具,品牌8,776.48,5.0
1168,图书,品牌27,215.49,2.9
1169,服装,品牌45,853.08,9.0
1170,玩具,品牌12,473.93,5.3
1171,食品,品牌25,713.66,2.1
1172,其他,品牌43,89.29,4.3
1173,其他,品牌37,73.76,1.8
1174,美妆,品牌13,110.88,9.6
1175,玩具,品牌3,212.12,7.5
1176,健康,品牌1,588.48,3.2
1177,家居,品牌11,814.57,2.7
1178,家居,品牌36,430.51,2.8
1179,运动,品牌2,972.82,6.4
1180,其他,品牌42,606.11,5.9
1181,健康,品牌37,810.47,9.2
1182,其他,品牌6,322.67,1.6
1183,家居,品牌14,429.37,2.5
1184,服装,品牌30,682.22,3.0
1185,电子产品,品牌34,268.48,8.7
1186,运动,品牌16,161.61,2.7
1187,图书,品牌31,424.28,9.2
1188,运动,品牌38,172.04,9.2
1189,食品,品牌9,457.4,6.7
1190,美妆,品牌14,514.71,3.7
1191,食品,品牌5,528.99,6.8
1192,家居,品牌48,907.7,4.3
1193,玩具,品牌47,244.28,1.1
1194,美妆,品牌39,739.2,4.3
1195,玩具,品牌6,232.94,1.4
1196,玩具,品牌36,75.37,1.9
1197,电子产品,品牌10,258.15,9.7
1198,健康,品牌38,598.25,5.6
1199,其他,品牌45,874.12,5.0
1200,家居,品牌46,844.92,6.8
1201,电子产品,品牌32,529.91,2.3
1202,美妆,品牌49,523.34,5.1
1203,电子产品,品牌5,471.91,3.0
1204,美妆,品牌43,190.02,4.1
1205,食品,品牌4,449.22,2.7
1206,美妆,品牌3,453.06,7.6
1207,家居,品牌9,802.91,9.5
1208,运动,品牌1,946.25,8.2
1209,家居,品牌31,358.48,3.6
1210,图书,品牌24,662.27,3.3
1211,其他,品牌12,97.16,6.3
1212,其他,品牌29,70.25,2.7
1213,其他,品牌50,38.79,9.9
1214,家居,品牌27,651.81,7.3
1215,玩具,品牌46,662.45,7.9
1216,服装,品牌31,280.19,7.3
1217,电子产品,品牌15,245.84,6.0
1218,美妆,品牌17,654.1,3.8
1219,其他,品牌48,588.36,8.0
1220,电子产品,品牌11,937.83,8.1
1221,美妆,品牌42,800.6,1.9
1222,食品,品牌37,37.67,8.4
1223,图书,品牌49,53.52,7.7
1224,电子产品,品牌21,825.73,5.5
1225,运动,品牌11,482.24,4.9
1226,服装,品牌25,566.51,4.2
1227,玩具,品牌20,77.06,2.3
1228,运动,品牌24,857.86,6.4
1229,服装,品牌23,411.93,8.0
1230,食品,品牌28,709.7,4.3
1231,食品,品牌44,499.91,4.6
1232,健康,品牌37,238.22,1.7
1233,图书,品牌20,220.05,3.8
1234,运动,品牌19,785.15,4.5
1235,食品,品牌29,818.33,6.5
1236,服装,品牌7,255.29,7.6
1237,家居,品牌16,240.25,6.0
1238,电子产品,品牌17,792.02,8.8
1239,服装,品牌21,529.96,2.4
1240,健康,品牌43,117.69,4.2
1241,图书,品牌6,681.86,4.0
1242,食品,品牌46,208.72,7.4
1243,其他,品牌49,20.67,6.9
1244,其他,品牌4,545.44,3.9
1245,食品,品牌43,190.17,8.1
1246,图书,品牌31,582.67,7.3
1247,电子产品,品牌11,376.42,4.3
1248,玩具,品牌12,544.77,3.2
1249,美妆,品牌34,490.17,9.5
1250,其他,品牌29,445.74,10.0
1251,图书,品牌21,243.16,2.0
1252,电子产品,品牌19,330.45,7.2
1253,玩具,品牌47,330.28,7.0
1254,健康,品牌33,100.83,3.6
1255,健康,品牌3,631.33,9.4
1256,服装,品牌36,200.52,7.1
1257,健康,品牌14,66.09,6.1
1258,健康,品牌50,888.28,5.5
1259,食品,品牌26,120.21,5.9
1260,图书,品牌5,654.26,5.2
1261,家居,品牌14,21.26,5.7
1262,图书,品牌35,550.38,3.8
1263,其他,品牌17,265.26,6.8
1264,美妆,品牌13,602.92,3.9
1265,健康,品牌12,705.31,3.1
1266,家居,品牌50,888.06,8.8
1267,健康,品牌1,41.39,9.6
1268,美妆,品牌15,847.64,1.4
1269,电子产品,品牌13,210.81,3.7
1270,服装,品牌35,234.88,8.4
1271,玩具,品牌1,466.32,2.3
1272,美妆,品牌21,663.09,7.6
1273,运动,品牌40,975.22,5.9
1274,服装,品牌27,200.79,8.4
1275,其他,品牌34,626.97,7.7
1276,电子产品,品牌30,831.19,2.6
1277,运动,品牌45,905.02,6.8
1278,运动,品牌33,651.28,9.5
1279,家居,品牌24,186.67,2.1
1280,健康,品牌33,991.14,4.1
1281,家居,品牌30,167.81,6.6
1282,家居,品牌38,836.61,8.4
1283,服装,品牌49,162.01,6.2
1284,健康,品牌1,269.09,4.0
1285,健康,品牌14,379.67,9.6
1286,健康,品牌23,203.71,2.0
1287,家居,品牌23,337.71,6.5
1288,玩具,品牌35,544.35,5.3
1289,食品,品牌16,235.21,1.7
1290,电子产品,品牌2,70.7,4.6
1291,图书,品牌44,679.39,9.2
1292,健康,品牌21,553.97,3.6
1293,健康,品牌45,107.28,8.7
1294,服装,品牌12,931.25,2.8
1295,家居,品牌7,217.87,3.0
1296,家居,品牌9,457.69,6.1
1297,美妆,品牌36,651.24,3.2
1298,运动,品牌31,613.72,7.8
1299,美妆,品牌32,569.9,6.5
1300,服装,品牌16,999.63,3.7
1301,健康,品牌23,314.55,2.7
1302,食品,品牌37,863.93,5.3
1303,美妆,品牌35,711.91,9.9
1304,健康,品牌35,606.7,9.0
1305,电子产品,品牌48,575.05,4.6
1306,美妆,品牌8,380.6,8.6
1307,食品,品牌16,22.07,4.4
1308,健康,品牌48,637.2,2.9
1309,家居,品牌34,513.41,4.5
1310,其他,品牌3,888.96,2.9
1311,服装,品牌3,618.09,3.6
1312,食品,品牌34,291.85,1.6
1313,其他,品牌10,302.65,6.1
1314,其他,品牌5,654.45,4.7
1315,家居,品牌8,85.69,4.2
1316,其他,品牌1,488.53,8.9
1317,家居,品牌28,616.73,6.1
1318,服装,品牌1,421.06,9.7
1319,玩具,品牌23,629.46,9.9
1320,美妆,品牌24,485.18,10.0
1321,电子产品,品牌40,997.44,2.9
1322,图书,品牌34,741.34,6.1
1323,运动,品牌24,369.73,1.5
1324,食品,品牌29,695.89,8.7
1325,美妆,品牌2,397.73,9.5
1326,食品,品牌47,603.32,6.6
1327,运动,品牌44,889.81,6.2
1328,美妆,品牌47,822.17,4.0
1329,食品,品牌22,330.58,7.9
1330,家居,品牌15,119.21,1.3
1331,其他,品牌22,81.19,4.0
1332,食品,品牌13,192.74,5.4
1333,健康,品牌31,715.09,3.8
1334,服装,品牌10,95.66,1.6
1335,食品,品牌11,219.18,7.0
1336,食品,品牌11,325.53,5.6
1337,电子产品,品牌4,871.46,1.1
1338,玩具,品牌14,729.33,1.0
1339,健康,品牌14,817.76,3.6
1340,健康,品牌3,706.11,8.7
1341,图书,品牌28,391.84,3.1
1342,运动,品牌42,699.79,9.8
1343,家居,品牌33,104.03,6.1
1344,电子产品,品牌3,11.12,7.7
1345,玩具,品牌45,722.67,7.5
1346,运动,品牌15,464.1,2.7
1347,健康,品牌15,434.18,5.7
1348,电子产品,品牌33,985.55,7.7
1349,家居,品牌18,393.62,5.6
1350,运动,品牌13,446.21,6.7
1351,健康,品牌23,729.42,8.2
1352,玩具,品牌50,731.63,7.9
1353,美妆,品牌1,138.73,6.2
1354,健康,品牌6,936.92,4.3
1355,电子产品,品牌41,584.59,4.6
1356,家居,品牌2,824.74,5.8
1357,健康,品牌33,132.42,2.6
1358,电子产品,品牌13,212.15,2.0
1359,其他,品牌6,402.09,6.2
1360,其他,品牌47,700.55,1.9
1361,美妆,品牌33,582.26,1.8
1362,玩具,品牌40,853.04,9.4
1363,运动,品牌5,960.36,5.6
1364,食品,品牌45,748.07,7.5
1365,食品,品牌39,27.73,9.0
1366,运动,品牌48,937.15,5.9
1367,图书,品牌49,593.23,2.9
1368,家居,品牌34,999.18,2.3
1369,食品,品牌19,278.95,9.5
1370,其他,品牌41,685.66,2.3
1371,服装,品牌32,395.65,8.8
1372,家居,品牌35,222.96,2.4
1373,电子产品,品牌39,504.75,5.9
1374,食品,品牌33,84.07,5.5
1375,美妆,品牌26,736.57,5.2
1376,运动,品牌12,636.77,7.1
1377,运动,品牌9,392.74,1.5
1378,运动,品牌36,366.83,6.3
1379,家居,品牌9,491.06,3.0
1380,美妆,品牌45,404.99,3.7
1381,玩具,品牌9,326.38,9.1
1382,食品,品牌49,109.52,4.0
1383,家居,品牌4,54.92,7.6
1384,食品,品牌12,281.27,2.9
1385,电子产品,品牌29,793.51,7.6
1386,美妆,品牌43,909.49,3.7
1387,服装,品牌1,24.75,5.7
1388,家居,品牌44,343.9,3.2
1389,家居,品牌46,861.38,1.1
1390,食品,品牌29,583.36,1.8
1391,其他,品牌6,114.4,8.5
1392,电子产品,品牌12,774.62,8.6
1393,美妆,品牌27,296.06,8.5
1394,健康,品牌27,330.65,1.0
1395,家居,品牌41,130.03,8.0
1396,健康,品牌26,717.35,1.0
1397,电子产品,品牌49,85.52,6.9
1398,服装,品牌2,808.03,2.6
1399,运动,品牌19,309.32,9.2
1400,食品,品牌40,189.49,3.7
1401,玩具,品牌40,154.46,2.7
1402,图书,品牌48,12.25,4.7
1403,图书,品牌11,462.84,8.3
1404,其他,品牌24,38.43,8.1
1405,图书,品牌46,994.04,6.1
1406,其他,品牌32,466.46,3.7
1407,家居,品牌2,204.15,3.9
1408,电子产品,品牌36,765.94,1.5
1409,图书,品牌38,296.02,9.4
1410,运动,品牌7,270.11,1.2
1411,玩具,品牌6,109.67,8.7
1412,食品,品牌40,681.05,6.9
1413,健康,品牌29,518.72,1.1
1414,美妆,品牌22,10.63,5.5
1415,健康,品牌30,395.46,2.7
1416,图书,品牌7,560.94,4.7
1417,玩具,品牌27,390.7,2.7
1418,运动,品牌21,763.06,8.3
1419,家居,品牌7,15.68,8.3
1420,家居,品牌48,377.11,2.8
1421,其他,品牌10,960.65,9.0
1422,图书,品牌44,750.92,9.1
1423,玩具,品牌49,465.62,1.9
1424,家居,品牌21,634.12,7.0
1425,食品,品牌45,286.26,4.5
1426,玩具,品牌29,168.69,9.4
1427,家居,品牌39,883.65,4.0
1428,健康,品牌43,923.64,3.3
1429,图书,品牌42,393.66,1.7
1430,健康,品牌23,772.06,5.8
1431,美妆,品牌22,78.23,9.6
1432,电子产品,品牌42,171.63,6.9
1433,图书,品牌25,317.86,8.2
1434,电子产品,品牌47,369.15,9.0
1435,美妆,品牌30,473.41,9.8
1436,电子产品,品牌3,849.09,5.6
1437,美妆,品牌12,805.43,5.8
1438,美妆,品牌30,46.12,6.8
1439,电子产品,品牌37,450.51,7.3
1440,运动,品牌24,512.06,9.5
1441,美妆,品牌29,425.86,8.4
1442,图书,品牌43,127.36,6.6
1443,其他,品牌20,253.53,2.3
1444,电子产品,品牌38,69.9,2.5
1445,健康,品牌19,185.45,8.7
1446,健康,品牌30,203.4,4.0
1447,美妆,品牌8,953.72,5.2
1448,服装,品牌29,752.45,7.3
1449,运动,品牌34,59.18,2.3
1450,其他,品牌18,497.63,5.8
1451,其他,品牌48,860.02,3.6
1452,电子产品,品牌24,614.2,5.6
1453,服装,品牌15,725.5,1.9
1454,玩具,品牌36,33.58,6.4
1455,健康,品牌11,860.75,9.8
1456,电子产品,品牌40,723.43,7.1
1457,食品,品牌29,521.05,4.2
1458,食品,品牌29,396.1,8.4
1459,食品,品牌15,709.34,8.5
1460,电子产品,品牌27,804.67,4.4
1461,健康,品牌21,19.98,9.5
1462,电子产品,品牌46,297.48,4.6
1463,图书,品牌46,449.89,6.5
1464,服装,品牌46,782.95,6.9
1465,服装,品牌20,326.18,6.3
1466,图书,品牌3,683.6,4.2
1467,食品,品牌43,761.27,1.6
1468,运动,品牌44,113.48,9.9
1469,健康,品牌42,404.64,5.5
1470,其他,品牌42,137.06,7.0
1471,其他,品牌14,877.23,1.7
1472,图书,品牌3,872.71,8.9
1473,食品,品牌34,338.66,3.5
1474,健康,品牌31,37.09,9.8
1475,图书,品牌39,749.08,9.3
1476,服装,品牌30,677.82,3.1
1477,家居,品牌48,765.53,3.1
1478,美妆,品牌23,30.19,8.2
1479,食品,品牌17,819.7,2.0
1480,其他,品牌5,70.84,8.4
1481,电子产品,品牌6,810.22,2.4
1482,图书,品牌34,541.09,1.7
1483,家居,品牌3,894.13,6.9
1484,食品,品牌2,841.8,9.3
1485,运动,品牌49,478.65,2.5
1486,其他,品牌30,88.39,4.4
1487,食品,品牌18,550.99,5.4
1488,其他,品牌9,713.13,7.6
1489,玩具,品牌2,480.64,3.0
1490,服装,品牌3,932.28,1.1
1491,电子产品,品牌12,892.49,1.9
1492,家居,品牌23,818.7,9.5
1493,运动,品牌36,876.52,1.6
1494,健康,品牌2,671.85,1.1
1495,运动,品牌41,760.14,6.9
1496,图书,品牌26,686.42,6.9
1497,健康,品牌45,213.51,4.1
1498,健康,品牌7,348.33,9.0
1499,健康,品牌6,976.55,3.3
1500,其他,品牌16,958.49,9.2
1501,运动,品牌1,514.47,8.2
1502,电子产品,品牌22,101.67,2.4
1503,运动,品牌47,641.94,8.8
1504,图书,品牌24,322.26,6.6
1505,服装,品牌24,457.7,9.3
1506,其他,品牌38,663.2,3.8
1507,运动,品牌34,707.87,9.9
1508,健康,品牌1,950.13,5.7
1509,美妆,品牌5,146.52,7.5
1510,家居,品牌14,556.56,4.3
1511,电子产品,品牌1,452.24,7.0
1512,图书,品牌45,747.75,6.9
1513,健康,品牌43,828.63,7.2
1514,家居,品牌10,796.31,8.7
1515,图书,品牌14,874.31,2.6
1516,其他,品牌2,464.93,3.2
1517,食品,品牌45,617.41,3.8
1518,图书,品牌23,55.45,9.7
1519,家居,品牌6,958.19,9.4
1520,玩具,品牌47,381.94,6.8
1521,健康,品牌7,420.63,7.9
1522,服装,品牌36,669.48,5.4
1523,健康,品牌37,115.74,7.9
1524,健康,品牌5,332.22,9.3
1525,电子产品,品牌17,90.56,2.3
1526,电子产品,品牌29,380.96,2.6
1527,运动,品牌26,726.61,5.6
1528,食品,品牌32,598.46,9.6
1529,运动,品牌37,586.27,3.8
1530,其他,品牌41,415.25,7.4
1531,健康,品牌4,566.53,1.2
1532,其他,品牌35,908.29,8.3
1533,其他,品牌13,373.05,1.9
1534,其他,品牌13,261.87,9.5
1535,美妆,品牌18,626.57,6.5
1536,玩具,品牌45,164.92,10.0
1537,健康,品牌45,379.13,9.5
1538,其他,品牌29,28.73,6.2
1539,美妆,品牌40,380.8,9.4
1540,电子产品,品牌31,569.82,3.7
1541,其他,品牌48,171.37,6.7
1542,家居,品牌40,458.14,2.3
1543,美妆,品牌1,135.2,6.8
1544,运动,品牌39,905.48,1.2
1545,运动,品牌45,812.1,2.9
1546,美妆,品牌21,938.34,3.0
1547,图书,品牌44,414.29,9.7
1548,其他,品牌36,354.88,7.7
1549,运动,品牌49,634.07,5.9
1550,运动,品牌44,961.6,3.6
1551,其他,品牌41,702.71,1.1
1552,其他,品牌1,890.94,5.1
1553,食品,品牌43,168.0,4.3
1554,美妆,品牌46,403.43,7.5
1555,其他,品牌45,287.44,2.9
1556,其他,品牌36,89.12,9.6
1557,玩具,品牌39,888.73,8.7
1558,图书,品牌21,782.66,6.2
1559,运动,品牌46,934.8,6.6
1560,运动,品牌1,199.2,6.2
1561,电子产品,品牌21,68.33,3.9
1562,图书,品牌11,978.99,6.4
1563,其他,品牌29,952.73,9.6
1564,家居,品牌7,398.38,2.9
1565,服装,品牌17,67.76,5.8
1566,图书,品牌45,202.98,2.8
1567,其他,品牌22,614.06,6.8
1568,健康,品牌40,459.47,2.1
1569,美妆,品牌1,291.95,8.3
1570,家居,品牌49,817.2,6.8
1571,电子产品,品牌34,822.47,2.1
1572,家居,品牌26,362.14,3.4
1573,玩具,品牌25,989.92,7.1
1574,服装,品牌4,101.51,6.8
1575,美妆,品牌11,739.02,9.6
1576,运动,品牌12,695.4,2.9
1577,其他,品牌49,136.18,2.0
1578,运动,品牌44,615.54,5.4
1579,健康,品牌12,552.71,6.0
1580,服装,品牌44,202.3,8.6
1581,服装,品牌36,378.29,3.0
1582,食品,品牌10,696.91,5.5
1583,家居,品牌38,180.66,6.0
1584,健康,品牌24,390.72,8.5
1585,图书,品牌14,211.17,2.3
1586,服装,品牌33,647.37,1.6
1587,玩具,品牌37,418.89,6.3
1588,运动,品牌27,473.2,8.4
1589,玩具,品牌44,453.67,4.1
1590,服装,品牌41,194.34,4.6
1591,美妆,品牌7,265.02,9.7
1592,美妆,品牌15,88.81,8.2
1593,玩具,品牌25,495.41,8.0
1594,电子产品,品牌15,91.8,1.6
1595,服装,品牌32,211.2,6.1
1596,健康,品牌43,916.39,1.2
1597,食品,品牌43,746.19,3.1
1598,食品,品牌3,923.11,5.3
1599,运动,品牌25,107.26,8.1
1600,美妆,品牌40,246.77,4.6
1601,美妆,品牌7,640.13,7.9
1602,电子产品,品牌14,624.58,8.1
1603,运动,品牌37,383.35,2.2
1604,健康,品牌19,750.47,6.7
1605,图书,品牌17,648.11,7.4
1606,其他,品牌6,224.56,4.8
1607,健康,品牌27,713.03,1.5
1608,健康,品牌22,669.52,3.7
1609,服装,品牌42,329.48,6.1
1610,健康,品牌18,634.32,7.5
1611,食品,品牌50,395.12,1.1
1612,食品,品牌48,280.5,1.3
1613,图书,品牌11,525.67,8.8
1614,健康,品牌29,684.44,3.2
1615,图书,品牌48,174.57,3.5
1616,玩具,品牌50,157.28,5.3
1617,电子产品,品牌43,994.01,7.4
1618,美妆,品牌42,149.12,4.4
1619,电子产品,品牌3,913.72,5.0
1620,美妆,品牌16,389.36,8.2
1621,服装,品牌19,550.75,3.4
1622,食品,品牌48,317.23,5.9
1623,美妆,品牌5,814.83,4.0
1624,美妆,品牌3,347.1,8.9
1625,图书,品牌23,363.55,4.3
1626,家居,品牌23,346.39,3.9
1627,美妆,品牌22,658.62,9.3
1628,食品,品牌20,912.03,5.7
1629,服装,品牌23,762.89,3.7
1630,运动,品牌1,487.15,9.5
1631,美妆,品牌46,661.8,8.0
1632,美妆,品牌47,743.14,8.6
1633,玩具,品牌15,456.69,9.8
1634,电子产品,品牌29,435.99,7.3
1635,运动,品牌22,499.31,8.7
1636,图书,品牌48,656.36,3.1
1637,食品,品牌18,100.83,2.8
1638,家居,品牌47,416.11,2.2
1639,美妆,品牌26,856.44,1.3
1640,食品,品牌17,802.15,7.4
1641,服装,品牌24,366.04,5.2
1642,食品,品牌25,584.47,3.2
1643,食品,品牌26,937.99,5.6
1644,家居,品牌24,599.49,6.3
1645,美妆,品牌17,46.31,5.6
1646,其他,品牌22,408.3,5.3
1647,家居,品牌31,526.5,4.5
1648,图书,品牌49,156.84,9.9
1649,家居,品牌10,842.03,8.8
1650,运动,品牌45,519.06,9.2
1651,美妆,品牌8,839.96,1.4
1652,美妆,品牌38,456.43,1.6
1653,运动,品牌47,434.23,5.7
1654,美妆,品牌8,931.22,8.9
1655,电子产品,品牌20,595.75,1.1
1656,服装,品牌11,731.08,4.1
1657,服装,品牌45,799.36,9.6
1658,服装,品牌3,963.16,6.5
1659,电子产品,品牌32,70.16,9.2
1660,其他,品牌50,285.4,4.1
1661,图书,品牌20,557.39,1.1
1662,美妆,品牌46,348.28,4.1
1663,运动,品牌18,261.09,6.9
1664,图书,品牌39,437.18,8.6
1665,图书,品牌20,450.44,1.3
1666,食品,品牌42,181.22,2.0
1667,玩具,品牌36,705.49,7.3
1668,其他,品牌40,960.84,1.8
1669,玩具,品牌35,729.4,7.0
1670,食品,品牌30,294.16,1.7
1671,健康,品牌2,191.44,9.5
1672,健康,品牌43,760.82,4.2
1673,其他,品牌49,798.64,2.1
1674,玩具,品牌49,574.44,1.1
1675,美妆,品牌39,320.2,9.3
1676,美妆,品牌39,48.18,6.7
1677,家居,品牌1,585.9,4.0
1678,电子产品,品牌39,246.27,2.8
1679,玩具,品牌36,252.01,6.0
1680,服装,品牌32,481.68,6.7
1681,美妆,品牌2,187.78,1.5
1682,美妆,品牌37,151.05,8.8
1683,其他,品牌20,355.38,4.7
1684,美妆,品牌23,916.09,6.1
1685,食品,品牌42,957.16,7.6
1686,其他,品牌50,29.39,4.6
1687,运动,品牌14,192.81,8.3
1688,图书,品牌44,385.72,8.6
1689,其他,品牌21,761.16,8.7
1690,运动,品牌16,930.45,4.3
1691,运动,品牌19,693.83,2.6
1692,玩具,品牌32,69.17,6.8
1693,食品,品牌50,140.64,9.5
1694,玩具,品牌34,466.36,8.0
1695,电子产品,品牌4,716.31,7.1
1696,图书,品牌5,114.77,5.1
1697,其他,品牌13,422.17,4.8
1698,健康,品牌43,932.1,9.0
1699,运动,品牌29,493.48,9.6
1700,健康,品牌3,820.56,1.5
1701,图书,品牌27,79.65,8.2
1702,服装,品牌1,300.77,9.2
1703,运动,品牌31,538.18,7.3
1704,电子产品,品牌11,213.38,9.4
1705,健康,品牌37,457.11,2.7
1706,玩具,品牌23,578.99,3.8
1707,运动,品牌25,445.57,2.4
1708,健康,品牌9,537.8,9.8
1709,服装,品牌48,656.66,4.9
1710,健康,品牌43,54.12,6.8
1711,其他,品牌14,217.86,1.0
1712,其他,品牌16,571.87,6.8
1713,其他,品牌44,98.99,6.8
1714,电子产品,品牌11,37.11,8.7
1715,服装,品牌19,569.78,1.3
1716,电子产品,品牌44,922.48,4.7
1717,电子产品,品牌10,855.31,3.0
1718,美妆,品牌26,316.01,2.1
1719,玩具,品牌47,221.82,1.2
1720,家居,品牌25,905.22,1.9
1721,美妆,品牌19,139.59,7.7
1722,图书,品牌13,639.67,1.7
1723,健康,品牌32,606.05,1.1
1724,美妆,品牌33,651.84,9.1
1725,电子产品,品牌24,846.89,6.4
1726,美妆,品牌5,222.78,2.6
1727,美妆,品牌3,631.5,2.6
1728,家居,品牌32,50.5,4.3
1729,家居,品牌39,384.9,6.6
1730,运动,品牌3,59.99,8.2
1731,其他,品牌1,680.3,5.7
1732,运动,品牌8,100.94,5.3
1733,电子产品,品牌27,578.88,1.4
1734,健康,品牌45,609.77,8.8
1735,运动,品牌40,445.41,9.0
1736,健康,品牌23,143.35,4.2
1737,家居,品牌8,219.96,3.9
1738,健康,品牌43,374.87,7.8
1739,电子产品,品牌1,118.73,2.8
1740,运动,品牌25,765.24,5.6
1741,食品,品牌6,300.97,5.6
1742,健康,品牌32,596.25,6.6
1743,服装,品牌48,200.62,4.5
1744,美妆,品牌30,39.07,9.9
1745,其他,品牌49,611.91,1.7
1746,服装,品牌20,731.72,1.7
1747,健康,品牌8,802.34,6.4
1748,美妆,品牌23,85.02,5.4
1749,食品,品牌33,998.43,1.1
1750,玩具,品牌11,994.87,1.6
1751,服装,品牌46,884.5,8.6
1752,食品,品牌10,436.98,2.0
1753,健康,品牌49,872.09,6.5
1754,健康,品牌31,376.02,7.9
1755,家居,品牌46,966.49,6.4
1756,食品,品牌11,782.67,1.4
1757,电子产品,品牌17,732.35,4.2
1758,运动,品牌34,582.33,1.5
1759,玩具,品牌9,794.25,5.4
1760,图书,品牌4,773.2,4.7
1761,美妆,品牌37,803.0,3.3
1762,运动,品牌6,222.46,8.7
1763,其他,品牌45,95.25,4.1
1764,家居,品牌14,240.77,4.0
1765,家居,品牌12,21.11,9.5
1766,其他,品牌7,481.2,2.8
1767,健康,品牌34,244.02,3.3
1768,食品,品牌20,488.41,8.7
1769,电子产品,品牌25,285.46,4.0
1770,健康,品牌34,671.79,1.6
1771,食品,品牌38,853.31,7.9
1772,美妆,品牌14,293.63,1.1
1773,电子产品,品牌19,235.23,9.4
1774,美妆,品牌18,443.23,5.8
1775,健康,品牌15,725.03,5.9
1776,服装,品牌38,806.96,6.9
1777,服装,品牌36,438.55,2.7
1778,电子产品,品牌23,615.24,1.1
1779,服装,品牌40,19.87,1.9
1780,玩具,品牌26,174.32,8.3
1781,食品,品牌42,238.85,4.2
1782,服装,品牌8,659.19,7.6
1783,食品,品牌32,320.25,4.7
1784,美妆,品牌7,438.98,1.1
1785,服装,品牌14,411.0,7.8
1786,电子产品,品牌26,656.8,4.8
1787,运动,品牌42,522.18,7.9
1788,家居,品牌38,790.07,4.9
1789,家居,品牌7,826.74,4.8
1790,服装,品牌31,305.82,6.0
1791,服装,品牌25,844.67,9.9
1792,图书,品牌17,715.13,1.4
1793,运动,品牌26,280.48,10.0
1794,图书,品牌41,244.98,6.3
1795,其他,品牌50,905.14,8.9
1796,玩具,品牌34,126.09,7.1
1797,健康,品牌46,301.22,1.4
1798,图书,品牌19,951.33,5.1
1799,家居,品牌32,131.5,4.8
1800,运动,品牌47,452.27,3.4
1801,服装,品牌30,722.63,6.7
1802,服装,品牌45,625.69,8.6
1803,美妆,品牌23,215.37,5.2
1804,家居,品牌11,481.29,6.8
1805,食品,品牌13,812.28,2.2
1806,玩具,品牌5,816.18,7.1
1807,玩具,品牌36,334.05,9.1
1808,食品,品牌4,157.65,4.0
1809,其他,品牌31,786.32,6.7
1810,电子产品,品牌20,331.19,4.9
1811,电子产品,品牌48,555.59,6.7
1812,健康,品牌6,590.35,9.7
1813,服装,品牌14,258.32,1.1
1814,运动,品牌11,669.76,2.2
1815,运动,品牌10,961.29,3.6
1816,家居,品牌39,860.57,3.4
1817,玩具,品牌2,35.64,6.9
1818,食品,品牌6,651.96,6.0
1819,服装,品牌12,577.58,8.9
1820,玩具,品牌33,958.34,4.5
1821,电子产品,品牌39,80.66,8.7
1822,服装,品牌44,222.82,1.1
1823,美妆,品牌28,970.26,1.2
1824,图书,品牌25,554.59,3.0
1825,家居,品牌49,914.73,1.5
1826,其他,品牌28,965.36,6.7
1827,玩具,品牌35,23.95,8.1
1828,运动,品牌14,448.01,4.6
1829,图书,品牌39,337.75,4.9
1830,美妆,品牌34,892.71,4.5
1831,电子产品,品牌41,76.5,4.7
1832,玩具,品牌34,191.09,3.7
1833,电子产品,品牌49,292.3,3.4
1834,运动,品牌47,319.28,8.2
1835,家居,品牌28,712.85,3.0
1836,美妆,品牌33,538.44,4.4
1837,健康,品牌1,980.09,2.6
1838,运动,品牌1,751.3,6.5
1839,服装,品牌46,973.65,2.1
1840,美妆,品牌2,227.02,6.3
1841,运动,品牌14,62.09,8.0
1842,图书,品牌17,191.49,6.1
1843,玩具,品牌36,30.47,9.3
1844,健康,品牌47,901.89,4.4
1845,美妆,品牌44,958.9,4.1
1846,其他,品牌19,949.94,3.3
1847,图书,品牌1,377.98,9.3
1848,食品,品牌12,782.84,8.8
1849,服装,品牌7,161.83,2.8
1850,图书,品牌16,636.41,4.8
1851,家居,品牌40,380.53,10.0
1852,其他,品牌30,723.43,6.7
1853,图书,品牌20,84.06,7.2
1854,美妆,品牌38,819.74,8.7
1855,健康,品牌21,306.74,6.3
1856,家居,品牌1,225.87,5.3
1857,服装,品牌24,714.73,5.4
1858,美妆,品牌40,261.82,1.4
1859,其他,品牌16,587.51,2.6
1860,电子产品,品牌50,701.58,5.6
1861,家居,品牌38,290.43,1.7
1862,服装,品牌48,189.95,3.8
1863,食品,品牌40,654.5,1.5
1864,其他,品牌36,934.13,1.0
1865,玩具,品牌7,50.49,7.5
1866,运动,品牌22,863.82,3.9
1867,美妆,品牌11,34.85,1.2
1868,健康,品牌10,988.46,4.4
1869,图书,品牌29,420.74,5.1
1870,健康,品牌1,125.52,7.0
1871,服装,品牌23,913.57,9.2
1872,图书,品牌7,524.51,5.1
1873,美妆,品牌20,230.29,8.9
1874,运动,品牌39,97.89,4.4
1875,美妆,品牌40,972.6,8.2
1876,美妆,品牌13,452.98,5.8
1877,服装,品牌31,301.92,6.8
1878,其他,品牌26,786.31,8.4
1879,其他,品牌11,315.43,4.4
1880,健康,品牌33,110.48,5.0
1881,家居,品牌30,886.22,3.4
1882,健康,品牌28,708.93,4.0
1883,家居,品牌19,607.5,2.8
1884,运动,品牌14,639.99,9.4
1885,玩具,品牌13,977.97,7.0
1886,家居,品牌35,28.81,5.0
1887,健康,品牌17,103.88,9.5
1888,电子产品,品牌14,340.24,5.4
1889,健康,品牌5,679.47,2.0
1890,其他,品牌25,216.05,1.6
1891,服装,品牌27,384.87,5.1
1892,美妆,品牌7,805.35,8.5
1893,服装,品牌39,962.85,1.7
1894,家居,品牌48,844.95,6.0
1895,其他,品牌14,433.74,4.1
1896,美妆,品牌7,818.39,8.4
1897,电子产品,品牌47,915.62,6.7
1898,运动,品牌20,508.25,7.9
1899,食品,品牌32,467.89,2.7
1900,运动,品牌22,266.21,9.5
1901,运动,品牌38,994.61,3.6
1902,美妆,品牌35,726.79,1.8
1903,服装,品牌7,93.39,9.5
1904,服装,品牌49,560.26,4.0
1905,健康,品牌48,599.69,6.4
1906,食品,品牌43,874.01,5.7
1907,美妆,品牌43,874.8,9.2
1908,电子产品,品牌4,877.93,4.0
1909,食品,品牌10,925.96,4.8
1910,美妆,品牌30,700.2,9.3
1911,运动,品牌45,950.45,3.5
1912,图书,品牌1,888.59,8.6
1913,服装,品牌21,373.83,5.6
1914,运动,品牌4,606.35,7.4
1915,美妆,品牌48,257.6,5.7
1916,食品,品牌23,735.3,7.8
1917,美妆,品牌18,756.04,8.2
1918,其他,品牌25,177.52,3.2
1919,其他,品牌20,478.82,3.3
1920,其他,品牌24,650.81,8.4
1921,电子产品,品牌6,525.94,4.3
1922,家居,品牌17,200.96,3.6
1923,玩具,品牌24,440.43,1.6
1924,其他,品牌26,690.53,9.6
1925,健康,品牌47,937.47,4.7
1926,食品,品牌24,216.08,5.5
1927,美妆,品牌28,30.59,6.6
1928,家居,品牌48,209.36,2.2
1929,其他,品牌22,919.75,6.2
1930,食品,品牌42,529.69,7.4
1931,服装,品牌34,626.33,2.0
1932,服装,品牌2,867.28,2.2
1933,其他,品牌6,508.79,9.2
1934,其他,品牌23,208.38,2.5
1935,其他,品牌7,369.01,4.0
1936,电子产品,品牌2,881.38,5.5
1937,食品,品牌25,681.72,3.3
1938,其他,品牌23,876.85,7.4
1939,健康,品牌17,161.28,3.0
1940,家居,品牌49,332.04,6.8
1941,健康,品牌24,964.67,1.0
1942,玩具,品牌40,497.28,5.9
1943,电子产品,品牌43,562.26,8.3
1944,图书,品牌10,359.6,6.1
1945,运动,品牌46,121.94,1.9
1946,服装,品牌13,233.18,8.6
1947,运动,品牌9,594.63,4.5
1948,其他,品牌7,572.66,9.1
1949,图书,品牌21,190.38,3.2
1950,美妆,品牌32,812.78,7.1
1951,运动,品牌34,463.79,8.4
1952,美妆,品牌45,466.19,1.3
1953,健康,品牌35,108.5,7.2
1954,食品,品牌41,307.8,5.9
1955,玩具,品牌26,707.31,9.6
1956,运动,品牌15,891.27,3.2
1957,食品,品牌29,230.02,3.3
1958,美妆,品牌33,451.17,5.8
1959,服装,品牌45,12.11,5.8
1960,服装,品牌18,800.05,8.5
1961,食品,品牌29,537.89,3.2
1962,电子产品,品牌26,292.96,2.4
1963,玩具,品牌10,954.72,2.3
1964,家居,品牌38,279.11,1.8
1965,图书,品牌42,314.25,8.3
1966,家居,品牌2,392.37,1.7
1967,运动,品牌3,81.69,4.1
1968,健康,品牌33,826.22,1.7
1969,食品,品牌38,791.47,8.6
1970,电子产品,品牌13,322.09,7.3
1971,玩具,品牌7,740.91,9.3
1972,运动,品牌1,551.68,9.7
1973,其他,品牌49,521.11,4.4
1974,图书,品牌11,373.9,6.5
1975,其他,品牌32,237.7,1.4
1976,图书,品牌8,84.25,3.8
1977,食品,品牌27,412.51,3.4
1978,玩具,品牌15,966.67,5.3
1979,健康,品牌7,21.12,9.3
1980,食品,品牌45,891.06,3.1
1981,电子产品,品牌5,487.59,1.6
1982,食品,品牌26,865.41,5.4
1983,其他,品牌6,880.92,1.5
1984,服装,品牌16,25.79,7.4
1985,图书,品牌20,335.16,8.9
1986,食品,品牌8,650.25,8.4
1987,食品,品牌42,975.63,5.9
1988,电子产品,品牌41,897.77,4.5
1989,图书,品牌36,207.85,3.0
1990,电子产品,品牌24,655.92,7.6
1991,其他,品牌38,258.99,1.6
1992,图书,品牌34,717.55,1.5
1993,运动,品牌20,632.87,6.2
1994,运动,品牌34,72.07,6.4
1995,美妆,品牌11,429.79,1.2
1996,家居,品牌2,675.51,7.7
1997,服装,品牌1,260.84,6.5
1998,美妆,品牌43,989.49,6.7
1999,健康,品牌23,909.67,2.6
